ID_OfGrPart,Factor1,Factor2,Factor3,Factor4
1070101-308,0.580542454429146,-1.621240713128184,-1.4585693439999972,0.28875391396642336
1070101-316,0.3690776515517646,0.330085356135341,-0.5169528089748633,0.8310235920645922
1070102-296,-1.5429498074651389,-0.31971360390445264,0.7866650856048185,1.8977947437639662
1070102-301,0.86914812345685,1.1962426107609723,1.4995217130635334,1.4649365112755424
1070102-311,-0.34265975548763283,-1.269733345474364,-0.24263608893234342,0.679777505885801
1070102-312,0.2056074802878809,0.2886500616366212,-1.3640894744115537,-0.3538094532569407
1070102-318,-0.2893043261534079,0.9037317308485595,-1.5260819305796596,-0.5726482529054325
1070102-325,-1.7890200134411365,-1.6643889002976682,-1.1755709475611904,0.23272889949565667
1070102-349,-0.2068732486241166,1.169417563378465,1.4158369496466063,-0.7750604923205977
1070103-306,-0.8658774110195122,-1.765704404180474,0.649395347617275,-1.6683730979836342
1070103-319,-0.5618969509868567,-1.1718216084491508,-1.595273265851149,0.7387290071514389
1070103-333,-0.26879544677276757,-0.3343830864474488,0.12429772424225453,0.11637316963576351
1070103-338,0.28104223919295396,-2.286817060890315,0.2299632438271886,-0.691713443352099
1070103-339,0.6860788569962801,-1.639478696601813,-0.3709394819131878,-1.236292589021954
1070105-315,-0.7861964093256999,-1.087762125991882,1.045325798167692,0.4749478126545176
1070105-317,-1.5792302360908095,-0.49615769003745264,0.3338272820031654,-1.9530998621437643
1070105-321,-0.24287675625420801,0.4911605718288913,1.2938814795210758,1.63948120483227
1070105-340,0.4907077039059301,0.5197405230122922,-0.2815722973135981,0.6494310691400687
1070105-342,-3.3914899192807257,-2.7591241404896656,-0.5768460509026089,-0.8491774768902299
1070106-294,1.2848099210149044,0.5016584376888515,-0.2826040513500124,0.09585092853874881
1070106-303,1.0171873677638987,0.5721884441620899,-0.7984517362970557,0.33597649173728056
1070106-310,-0.027646329535427436,0.4717149988023013,0.04808475149269123,-0.35022736879307353
1070106-322,-1.5000099154023077,-0.5382419375891364,-0.21337814285430629,0.7968482062456227
1070107-307,0.3713584525398124,0.5716693337932938,0.6096964891325971,1.4112768749388296
1070107-313,-0.26290345723161695,-0.09124517422587458,-1.3028246990628785,0.03695387513446035
1070107-314,0.7273896486634358,0.06887254621197827,-0.4100196471434612,1.3094069836113238
1070107-335,-0.5285081267818191,-0.3650564814102191,-0.4532197535859372,-0.11868793132093684
1070107-341,-0.6130985698883367,0.8604419407696688,-0.7708417461379957,0.020921383053935566
1070109-289,1.1595066927321946,0.6939383715970284,0.3166774202998412,-0.5337386362525333
1070109-291,0.23806312286383832,-0.5200228651447832,-0.7506117999157835,1.2788803825347523
1070109-293,0.4312578903591203,0.9453512517067633,-1.0788367378519255,-0.21398074091866315
1070109-295,1.2456449332872868,-0.10786948184701292,-0.20657549768619055,-2.4744031052987356
1070109-334,1.0407726836266953,0.4167042985556935,-1.2008937001842264,-0.2400686700474427
1070109-337,0.1641428639386853,0.30132787136999545,-0.35241856204596095,-0.4164037575858562
1070109-343,0.666063207189288,-0.36134867350820943,-0.198035213275594,0.2646879875463829
1070110-323,0.3856618654247773,-0.20505087626169402,-0.4892250324700847,-0.8324915297925622
1070110-324,0.6847198780435789,1.1124374930922856,-1.0932443497515127,0.9543274013741739
1070110-347,-0.461567312326242,0.3798371745709191,-0.7490961678130745,-0.5300024676874966
1070111-309,-0.4110225006517303,1.2591525928861431,0.37032120932611684,0.04286060998363246
1070111-350,-0.3523825493910936,0.8944232632872791,1.4821728708046995,0.13070511034546034
1070112-292,-1.578893188355561,-0.3863990420791301,-0.3388403952295345,-1.0707098492912022
1070113-290,0.9321927886746636,0.837352565523395,-0.831826059346454,0.47252849142619785
1070113-304,0.22606423920402002,1.080630781411056,-0.24791019404266323,0.2861190645545885
1070113-327,1.185319720533014,0.9066422113306589,0.4244072711478262,0.18597774833245792
1070113-329,-0.4494882161672644,0.04853952355402257,0.5383298124199403,0.12048223654299423
1070113-332,0.5828193628555688,0.14365068913814016,-1.1860479357843685,0.5037530512638564
1070113-348,-2.6464142725568336,1.1961150713275859,0.839119218079215,0.2116200320398394
1070114-297,0.207331564529512,-1.4812213190483272,-1.080783409684332,-1.8457943943003852
1070114-298,-0.2666695409310266,-0.4874764860122688,-0.8645353786997169,0.3719798012702372
1070114-320,1.0580184916670976,1.1508848418601334,-0.20682039642127092,1.3646255635213755
1070114-330,0.2949500145030779,-0.4851768464972223,-1.2080198887790552,-0.6729696788314681
1070114-336,1.0441514592092607,0.3996248433905275,1.0000399617341098,-0.333942557787098
1070114-344,-1.1001785683479026,-0.3456258032701976,-1.3769098092686383,-0.4213561266797765
1070114-345,0.5205319569529745,0.10539135398874354,-1.231827958250192,2.3208346886640445
1070115-299,-0.22014010664957334,-1.0393986876295584,-1.316698780004799,-0.3212275105421746
1070115-305,-1.4364429294269727,-2.630672442886291,-1.4336382326801484,-0.3908026312236526
1070115-326,0.6533940266115396,-0.28059241251731626,-1.3025133376311513,0.867308012624269
1070115-328,0.4130040315858305,-1.2202787914029392,-0.5494885432139667,-1.9390534184037338
1070116-300,-0.027421425306941964,-0.7268306876146641,-0.4808679535457148,-0.7867874328754505
1070116-302,0.03610394617305071,0.03805925031737828,-0.2561923022223871,-1.1682533752926305
1070117-331,-0.2089206768250223,-1.6866375176201542,-1.4802806371572133,1.9282814029487383
1070117-346,-2.0540670905880662,-0.3933057549074409,-1.864694223843667,0.7863764967276284
1080101-229,-1.1101295388507906,0.6944959094128947,0.12739842698699158,0.23734129197799725
1080101-230,0.03377598113451965,0.7458202413625498,0.8423762003975285,0.37597499503765824
1080101-255,-0.04476121781497722,0.7773651748137672,0.8844142763248563,-0.13562347642159395
1080101-268,1.0066243921301097,1.0466636693993636,0.9584224748818819,0.09905899112953875
1080102-246,-0.590529845514689,0.4760294887103672,-0.5507776008337296,-0.0755402265705286
1080102-250,0.46622340288580827,0.3204202322844285,1.3257379148333528,0.45940865513582924
1080102-259,0.20964406188843127,0.4015900569568098,0.07031457163939075,0.15801968191293558
1080102-278,0.549731718652971,-0.21166382450550641,-0.48040909936029974,-1.9618384505799547
1080103-242,-0.7027100993974418,0.17591039313128334,-1.7165636701001332,0.08715991916459455
1080103-245,0.3709390895963191,0.698297763235573,-1.5405984050392862,-0.1776134298915195
1080103-265,-1.0667437488985962,0.3234715099560365,-0.5092989918386829,-0.23783926654151263
1080103-269,0.37657179517263023,0.5334146328492213,-1.7318606794952236,1.421094388017307
1080104-237,0.7277685957858463,1.2627220253753033,1.4636866937484012,0.5451615049048824
1080104-243,-0.4267772850294644,0.7900621926350342,1.312855490705404,0.8779003733976152
1080104-261,-0.04940916015567501,-0.34423540281766646,0.7851768137269419,1.9821507811094001
1080104-273,0.004713835434049742,1.093954619248185,1.1410356944665916,0.48747536682555054
1080104-286,-1.2169904014972108,-1.1379892947450916,-0.37188193100135686,0.32983155435991407
1080105-241,0.19319892794133686,1.3374928535034647,1.5957515891297078,-0.636713851292339
1080105-249,0.828375694864681,1.2425230889494863,1.4910826924355562,0.6932300136199879
1080105-282,-1.143693506204896,-1.281944491180748,0.9726027490562729,0.4606795478082927
1080105-288,0.2528548789695502,0.193923779915729,0.7608335031722836,0.243318520305026
1080106-231,0.7189876290105637,-0.21870231160218648,1.4679483469908043,0.3270960783077878
1080106-236,1.0339032751660753,1.1592620430384466,1.0030102080294934,0.8191270245164312
1080106-247,1.0916062838382925,-0.7495204012092356,0.8261206667069367,-0.7246297531850386
1080106-266,1.0617591547137497,0.23429835481356945,-1.3017868846113552,-0.5296611233238756
1080107-232,-0.7061136048625984,0.3638401418334063,-1.2017677602156933,1.1384951502123797
1080107-233,0.47231469294185396,0.4454064719377543,1.389737347616607,0.46596813123224934
1080107-239,0.33347389565653074,-0.647391031490407,-1.6071708494592267,0.7437802129458031
1080107-256,-0.6034445103542515,-0.13761174702744794,0.0023856790374241726,-0.024124369649623407
1080108-240,0.8170391876251012,1.0637769921445928,0.9852964121135747,0.5563217352951624
1080108-251,0.06323892580618222,0.7316555853370271,0.259736215864368,0.20173647185500387
1080108-253,0.8299068976046288,0.1370653691314132,-1.0766229958729157,-0.7331469662820345
1080108-258,-0.03211743349680334,0.931821866042528,1.1186362631246483,-0.5057156346771051
1080108-267,0.6091583688273476,0.48385989047771605,-1.7315211737537841,0.7783946119844984
1080109-244,0.7299437054219264,-0.8622069861915623,-0.4596873804153433,-0.21237613384390278
1080109-254,0.018398501037602998,1.1819000646863937,1.3851073106812333,1.1340189329892325
1080109-257,0.7272765555656895,0.3222345268391317,-0.7027010571649968,0.319639359950659
1080109-276,0.7173724444149758,-0.4126972907846447,0.2682259933266712,-1.581522828641696
1080110-234,0.9435560659566748,-0.17464432711114874,-1.048570042328868,-0.929693094381839
1080110-262,0.889320072923279,1.1981406440919427,1.4862147935148775,1.8170369800519064
1080110-277,-0.4682376731155852,-2.12928660292048,-0.24115976293847527,-1.6808961897748511
1080111-248,0.5051537309239259,0.28399429054760256,0.6298834546502755,1.136663900719549
1080111-252,-0.4371848057326044,-0.5732945221572286,0.7455996115534849,-0.872634147916975
1080111-260,-0.4587656516304085,0.3377712053772732,0.17564634733033288,-0.13107773354900054
1080111-264,-1.6430070438282198,-2.014559100136376,0.09320590321966159,-1.08835259355892
1080111-275,-0.22659170381719154,0.08601849488082713,-0.3052704304919534,0.07891702962191303
1080112-235,-0.5660313526997613,0.16726960446979855,-1.2562609166415375,-1.0165007519546903
1080112-272,-0.004256977291184464,0.9871077993240764,0.5443565340763696,-0.02220392998302771
1080112-274,0.9988644977886609,0.16997230160799057,-0.22768894059663475,-1.2838280559030388
1080112-284,-0.055467398227639485,0.1500731413662072,-0.36807411078734326,1.3281042716886944
1080113-238,0.2821793525199812,0.5671781104442367,0.601845413773553,0.1893817579377822
1080113-263,-0.24174796263214493,0.3982932547303653,-0.20080650331170447,-1.1440137890739406
1080113-270,-1.4904880034662489,0.5561404156141557,-1.1865966284551106,-1.4300171318392083
1080113-271,0.42533500742395713,0.9994832612510521,0.6742307343621106,0.20274720209274702
1080113-281,0.47838255054530027,0.9804167647494446,0.8732414607079433,0.8376170361925086
1080114-279,-3.062376404199778,-1.7811571410914209,-0.5217723741529066,-0.27234034768518806
1080114-280,-0.15996208998669473,0.44666824118783915,0.21890006067052545,-0.8724037651985488
1080114-283,-1.1193562619784625,-1.2647526711326393,-1.573805843010734,0.25252054076180513
1080114-285,0.8566192298070768,0.4432700862776064,-0.5430319446431576,-1.2271305214025843
1080114-287,0.46562506672832255,-0.0029636972743755166,-0.3626012349504903,-1.664577913610363
1080201-219,-0.8374892523370394,-2.139592438185307,-0.09097768939125715,-0.4600797738607784
1080201-222,1.3030792374195475,-0.864091839247499,-0.22344737906778478,0.3987370781350182
1080201-225,0.035103511654505995,0.9541421945661998,1.2057075689325396,1.6983111212374153
1080201-227,-0.8509634140504445,-1.24688181433583,0.21307148696406347,1.057656671462681
1080202-221,-0.1521739547829745,-1.7015433978343821,-0.7537462033962733,-0.25272365821686815
1080202-223,0.08714580525957227,-1.1819419923361822,-0.16631581042759086,1.1198316194940694
1080202-228,-2.485598510492534,-2.708112032296945,-1.5070047487067038,-0.0865823273162007
1080203-220,-0.12872771550470752,-1.2685635166732625,1.692180716640831,2.1224390805173243
1080203-224,0.38581751910753903,-1.6015120190727385,-0.7705177363412976,-0.0142145801442301
1080203-226,-0.2996070091460014,-0.5742318707837033,0.4204399583062403,2.3701732624982124
1080301-194,0.2613961152171261,-0.8053391939825167,0.4016619882829212,-0.06934846943864971
1080301-206,-0.7090347607714332,0.09330082133687448,-0.3649216571453081,-0.26700237648010905
1080301-216,-2.5429830164103437,-0.1094528908749479,-0.8623939846664443,-0.5043681581382699
1080301-218,-1.5034612182764748,-0.49317763966985484,0.7407941552120564,-0.8039401728434806
1080302-191,-0.587167604268819,0.9175787498520053,-1.6488092521842705,0.2873939687678551
1080302-210,-2.4042077072148995,-1.8013052904708222,-1.419579662140714,0.2495724944019767
1080302-215,0.3025231742187224,0.9296438436948125,-1.562990600131789,0.573762497222905
1080303-201,-0.8619761133022176,0.6418985992821483,-1.1093594317432294,-1.3854399163024123
1080303-203,-1.368626311916315,-0.9902994925881536,0.033046232577363256,-0.37044622131853827
1080303-205,0.23266066397474486,-0.5282962408247135,-0.8962640230289148,-1.3188633545463444
1080303-207,0.8805636679764168,-0.943285333560963,-0.20742091847584213,-0.8993574774365404
1080304-190,-0.27995598230326935,0.7339353997142891,0.04162701545543061,-0.922502080644756
1080304-199,0.875559890096161,0.6934345056662173,-0.18528726376629956,0.8473442372336228
1080304-214,0.903353518028129,-0.6693748506708372,-0.4936671378555546,-0.5556717055558217
1080304-217,1.1784864774088712,1.1203834419849512,0.5198056225441097,-0.1787829310190447
1080305-197,0.6457783548876832,-1.4336415113659626,1.5397547711870934,-0.28554160875591866
1080305-208,-0.615470824708413,0.007529908243915449,1.0077594327616954,-1.26745652148393
1080305-213,-2.0848580234237444,-1.4342943800527979,-1.819643963341467,0.5032932052639484
1080306-193,0.7823994087267517,0.5883383189910203,-0.5078494874654176,0.6440638995141562
1080306-198,-2.5220828265888535,-0.3258463266359998,-0.44804049823211317,-0.6087987478243112
1080306-202,0.8695284245255529,0.3388756835651668,0.08587691365263692,0.038542555282049064
1080306-204,0.6574070238875065,1.2041191650105965,0.7382971832342695,0.6192187475080583
1080307-192,-1.2710060697782184,-1.0760425868913142,-1.8956464847576617,0.7412191809426419
1080307-195,0.5741560130981618,0.17028688324698757,0.8830287307137511,-0.6359898206384357
1080307-209,1.0743900173187035,1.146365928083569,0.9880806555072777,1.5458298154367678
1080307-212,0.9251996689070635,0.8932188831886604,0.36981894891870387,-0.2661208372914764
1080308-189,-1.100179907026401,-1.648577540202454,-1.3019138357933981,-1.416157116080884
1080308-196,0.17208287555927393,0.4430975052377994,-1.0649254535603079,-0.99956879490384
1080308-200,-0.607688828947552,0.2477850415074484,1.6733959790864836,0.19545217859134376
1080308-211,1.5355197736598074,0.8088003797457952,-0.2112962660742204,0.44386738966863576
1080401-113,-0.3352145704978793,-0.26508103206960315,-0.44357884149841853,-1.0767835532047483
1080401-157,0.7998652468411799,-1.331021254496715,-0.1279636133033846,-1.7128251867064286
1080401-177,0.8907053154695238,-0.014100303156029602,0.11304019151278497,-0.5078305040259935
1080402-133,0.9054024756009328,1.0940340970060507,-0.9983180786490621,1.2606826859699176
1080402-138,0.7349347088134992,0.3813686146092179,-0.45381737544236705,0.9336177089951844
1080402-182,0.02438970340737564,0.5122538363155198,0.6412234727889352,-0.0755910607760784
1080403-128,0.15402090857109757,-0.3472127358000799,-0.7482196643111277,-0.9219538818261573
1080403-129,1.0579686320594466,-0.8812374525008745,-0.41949916365154044,-1.6392294396741327
1080403-155,-3.1254655932969992,-0.8307103334456204,-0.8825893905649576,-2.2322414963592134
1080403-181,-1.5244654932406139,0.5845838660233252,0.6099660384529898,-0.8636253528675218
1080404-116,-0.6671214779987169,0.3412725117091586,0.7773088642255517,0.8153393252505643
1080404-121,-0.41589898310575973,-2.287546904503348,-0.6272619369311715,-1.2634971559118433
1080404-172,0.9452083604429597,0.9845518375473765,0.06325590018669877,-0.43639710482422833
1080405-114,-0.6802266178115204,0.41503162323822446,0.0446510149101842,-0.26254730355449885
1080405-125,0.12320606763153545,-0.40494327946510345,-0.3664628706996648,0.5661878038005508
1080405-134,-2.7545498518553537,-0.44385344938267507,-0.7634056493193919,-0.0752438733307512
1080405-168,0.8490780976046993,0.9309975845850778,-0.2024931254141093,-0.439632177098397
1080406-110,0.652302485199298,0.660506223209971,1.5257417515146208,1.3114549110456402
1080406-156,0.889320072923279,1.1981406440919427,1.4862147935148775,1.8170369800519064
1080406-159,0.08474676665400638,0.1154382665183875,-0.13823892838348387,0.18992590986189462
1080406-174,-0.8306247409737101,0.8802111063127288,-1.4027031760710222,-1.8106221956161415
1080407-103,-1.407600264206536,-0.8325170876688623,0.43650551268828225,0.09366674171627201
1080407-158,-1.2038638448719676,0.5931176351885419,0.6196516071842637,-1.313126900487016
1080407-165,-1.9633965022607651,-0.6609871001003078,-0.5364879438566118,-0.10031118463872118
1080408-145,1.2402053995977989,-0.11570549582589117,-1.2562580690432923,1.5924809951706669
1080408-161,-0.9276703413613204,-1.1307314471760415,0.895748451664651,2.0333148462631945
1080408-178,-0.3322432277914426,-0.6899896037224824,0.4907529339177533,1.393880751087173
1080408-183,0.8870788285301074,0.8665695971999824,-0.9613840899452996,0.6038796903089041
1080409-170,0.889320072923279,1.1981406440919427,1.4862147935148775,1.8170369800519064
1080409-187,0.37786199006692395,0.9042736695263118,0.3830764453395706,0.1274869991461202
1080410-104,-0.22666464637922437,-0.323081147974792,1.0807686502218965,0.6589003296514128
1080423-117,0.5552014032548718,1.1250887961787,1.4849408031489937,1.7506306693616807
1080410-136,0.9314999170797005,1.174511440920336,0.5255658524708898,0.38859677724206604
1080410-150,-0.3442447786982485,-0.3467947563423857,0.8586785543972343,-0.4993490205575007
1080410-176,-0.3223201983747078,-0.12936314414472208,0.630663032863306,-0.9598353111352442
1080411-109,-0.30410550960130084,-0.6456531441321776,0.7965841561052835,0.33720212949617107
1080411-160,0.682854304758513,0.885116873674385,0.2996689093136806,0.9271684277750252
1080411-175,-0.0473258417211558,0.3176325525027895,-0.39226489519744046,0.0011912756002008813
1080412-137,-0.8900570438766279,-0.8546791066331642,1.108835389284671,-0.12666633676705966
1080412-152,0.8536923472241955,0.9142188557945706,-0.044003563188425646,0.14085680868717435
1080412-185,-1.2701972974417823,0.5973668679895531,-0.2710402882247546,-0.45045159901666004
1080413-127,0.014304759457724274,1.137841546960621,1.3645605684811157,-1.1903103799971682
1080413-139,-0.5400453743350829,-0.77469792071524,0.060389365565874466,-0.5311563498367369
1080413-166,0.6308773015328951,-0.407148933288043,0.9108658873736314,-0.4185951013210689
1080413-179,0.3880768394670344,0.8198222198681709,1.27700809098807,-0.334381290474708
1080414-131,0.8734436052147591,0.06623966478660101,-0.5665269429055066,0.19053206467574038
1080414-151,0.7450356826436648,0.24607590359652737,-0.3791625731158913,0.12134020118367905
1080414-171,1.0038920845820491,0.9438772185500282,-1.3301375065691938,1.0111471190426826
1080415-102,-1.1438278036989566,-1.4267071619807126,0.5432887768077789,0.1435422806443307
1080415-124,0.30088824779624446,1.0378372369601372,0.9075465389366879,-0.7549913993726639
1080415-130,-0.628923219233442,-0.86238508606512,1.3277348516286522,1.0562626491417986
1080415-164,-0.15596376000763906,-1.6302958453426635,-0.09547163693396774,-1.2101028584692506
1080416-112,0.5304970388450896,0.6769576798776615,0.45027043928533084,0.6973098306878486
1080416-119,-0.8035967600407006,-0.3393436423938238,-0.7308236314883355,-0.24987150032320057
1080416-126,-1.4302464934574006,-1.0868033997416584,-1.7209761212003425,-1.1084864381640667
1080416-186,0.889320072923279,1.1981406440919427,1.4862147935148775,1.8170369800519064
1080417-111,1.3600703405146644,-1.2221617796099484,-1.2028467572337243,-1.6093587425834346
1080417-135,0.6342307065729922,0.6038190349444087,0.43255030230304475,0.6279391053433004
1080417-149,1.0605753024521516,-0.1956692263411094,-0.10263406165559888,-0.8318648109677236
1080417-162,0.6204294461712175,0.7084326334397761,0.6462171414672256,0.35843113112437996
1080421-118,0.9252486750167153,0.7944257010701511,-0.49326702914084375,-1.1494958327680007
1080418-141,0.8096803765464319,0.9277063179180383,1.4184923549814752,1.835113339176988
1080418-144,0.40553330089326034,0.6624265941563079,-0.002635513158570746,-1.6827668262819422
1080418-154,0.889320072923279,1.1981406440919427,1.4862147935148775,1.8170369800519064
1080418-184,-4.568065092212371,-0.9115727742835831,-0.6799200625192549,-1.5641503967815618
1080419-108,0.5829914112445471,0.4601944354255567,-0.5537654791331167,0.8537956386423925
1080419-120,1.0412230696396312,-0.2021439132808903,-0.22248395026644283,1.5737830878960837
1080419-132,0.12742889040864464,-0.09765117750261555,-0.37188345318790633,-1.7911762396471347
1080419-153,0.4647308408645446,0.8019719568718124,1.537812164165525,1.2902468698291092
1080420-106,0.9439664420947962,0.7718259154370464,-1.1266229452631273,1.3494718420102922
1080420-142,0.7349386650139249,1.058437471504943,1.4725482391772666,0.0010799821506473559
1080420-167,0.5593530471430661,1.255326822070213,1.1450718452700763,-0.11943927434103344
1080420-169,0.6602340363037489,-0.9291453958356798,-0.32280431274021903,-1.185967553082469
1080421-143,0.39314865253043196,-0.22744618003815528,-0.40480551188764047,-0.03738489425256265
1080421-148,-1.3659623707448736,0.5205827754237986,-0.187748151347171,-1.198109464901511
1080421-188,-2.6625029908172313,-0.3181566321894071,0.9175815369624662,-2.3850339411756982
1080422-123,0.27804846949578793,-0.0027591810903781285,-1.5721367552504355,-1.0973005173874661
1080422-146,0.7703330131690144,-0.9665509282040845,-1.2627938082420271,0.24112838777655124
1080422-147,-0.4180949105991765,0.13931744944428728,-0.39646642927869347,-0.7125368210334652
1080423-107,0.9870419170209269,1.0839114159329932,0.9820586948252523,0.45055015541415194
1080423-115,0.5013825145824158,1.2686715127912045,1.4911928638518142,1.5321472420451836
1080423-180,0.5751592051706145,0.14044259636680376,0.7602323735542535,0.047599638037923706
1080424-163,-1.4883091842973493,-0.889610561704551,-1.6355888836012007,-0.46083728267856533
1080426-105,0.889320072923279,1.1981406440919427,1.4862147935148775,1.8170369800519064
1080426-122,-1.1594962146023642,-0.27454361321075754,-1.1145716609048437,-2.201917535204424
1080426-140,-0.2995185252854244,-0.06608034806550546,0.7731782678170339,0.9939248628744696
1080426-173,0.5571080252472884,0.6594571696832721,1.4094688554675,1.1305219864613847
1090101-084,0.49200806543297776,-0.511885707103001,-1.2883859973197376,-0.10262443533409325
1090101-085,0.020642369077586004,-0.701766795778551,0.8199583876122172,-0.1882841927607517
1090101-094,0.6114968012433635,-0.8833854881159824,-0.7499892142526126,0.2808724003310193
1090102-071,-0.05504871151991843,-0.8001648078072959,-1.0766814906915092,-0.03642651905007083
1090102-074,0.755060782071769,0.7840731022642072,0.7011385637913222,0.6190148487739577
1090102-100,-2.2261202807412146,-1.3190703738351819,-1.128128678739685,-0.07180059752282333
1090103-057,0.8328855384526284,0.6754624178166588,1.4118444075713945,-0.0627171904845826
1090103-066,-1.5919678125354015,-1.6011001361122987,-1.428033887481723,-0.03736986526476083
1090103-078,1.1320749817948035,0.31856363530223586,-0.12356472650146386,0.4186612538429472
1090103-080,0.889320072923279,1.1981406440919427,1.4862147935148775,1.8170369800519064
1090104-056,0.19385487953393868,0.6098089254736925,1.358502552119132,-0.35547948427037096
1090104-063,0.31656020529280915,0.5404362704721096,-0.15616374276404238,-0.8972878497112176
1090104-072,0.2516459492815034,1.0251517642275259,0.021440909493080685,0.38550661533815433
1090105-061,-1.160905623747654,-0.05135792339356089,1.0379147951416405,1.2916496448530583
1090105-067,0.37917786494706357,-0.9858908574510707,0.5229620311236097,-0.9561304670268314
1090105-079,0.36945456620838646,0.506439138046123,0.1371728033196602,0.6252938141193871
1090105-095,-0.8242365240611754,-0.8018820315341316,-1.558470428850112,-0.310907649218119
1090106-076,0.5171273037966561,1.1033110845911738,1.2224071266620922,0.20229326579652465
1090106-081,-0.7075741369107356,-0.19824937525880285,0.7388400715784468,-1.5952171864845526
1090106-098,0.10792336992809452,0.3833068220749079,0.9005747034404432,0.8050354631987158
1090106-101,-0.6045614233756361,-0.3953381065036554,0.30806077226424844,-1.2792781801584632
1090107-062,-0.9143175048720046,-1.0247786367334195,-1.1371613040037707,0.5428511783430375
1090107-069,-1.1903129129599637,-1.0288676546769662,0.3232715803990555,0.42649321464324985
1090107-070,0.18116691115715342,1.1790109674414444,0.9949349640724101,0.16707092120112488
1090107-082,-0.25879921788844895,-0.07475852128008365,0.6529981774931392,1.4136816437183073
1090109-073,-0.8526632254409298,0.2873715327952062,-1.6571155728215288,1.111095392500394
1090109-087,0.889320072923279,1.1981406440919427,1.4862147935148775,1.8170369800519064
1090109-097,-0.6531384613760123,-1.5178799243093655,-1.5247793307255644,-1.6855657366154633
1090110-059,-0.6942842900417446,-0.06491003440749635,-1.371644619094717,-1.004309563977898
1090110-060,0.7354548677255006,0.27384923679457596,-1.5873852359295062,-0.1979888072925897
1090111-065,0.22916320596908193,0.1073356709190381,1.2531245125229318,2.1982536594961974
1090111-077,0.12309301263363663,-1.4750100025475106,-1.1584125463844106,0.7176836139996586
1090111-086,0.839613904922342,1.1921368271533195,-0.1338831406151294,1.304597252469485
1090111-092,-0.052013329498259986,0.5765067616157854,-0.8532584215601933,0.3519842643427194
1090112-075,0.8711304727973671,1.037302041032233,0.15873919646848456,-0.1980346761346491
1090112-090,0.2849617543712522,1.077481045232109,-0.2532817828168777,0.7270020722325525
1090112-096,0.6133489034490763,1.0755188868096381,1.459903757729592,0.9403659469142625
1090113-064,0.44796030075460475,0.5320138266168593,-0.6203760385536816,-0.6641948475600852
1090113-068,-0.448723333746422,-0.9048377202337005,-1.280525681817081,-0.3068982834919614
1090113-088,-0.9408184338260607,-0.9213117015598491,-1.6017856170794567,-0.5172154396359313
1090113-091,-0.02616350577223095,0.1424437065283587,-1.5429110809750113,-1.510268850499312
1090114-083,0.40590289780146166,0.024156269039272846,-0.22081898686592916,0.766051022683969
1090114-093,-0.599148103437564,-1.4218987225223079,-0.9050558829858288,-0.6414467904397834
1090115-058,0.38345367441111755,0.08638459591143381,1.4094908921266214,1.3880483894435947
1090115-089,0.6024640564005417,1.1074079588593606,0.38455514462942963,1.944167539975438
1090115-099,-0.291458380992554,-0.059876739208282154,-1.2980087493171446,-0.5271533170834062
1100101-002,1.1886444837925276,1.0404800365469717,0.46540966023733243,-0.7173994319746937
1100101-006,-1.0542498658284376,-1.4579103056304477,-1.3558550331599966,-1.4111247074034374
1100101-015,0.8090636340444457,1.2087376347361227,0.5053008278568004,1.4952927272415415
1100101-033,0.8643607559232197,-0.759145972862286,0.1430577637913748,-0.5701051694675142
1100101-039,-0.17885788670917105,-1.5879715657115372,-1.1590016380470407,-1.8291427450975877
1100102-008,0.4607397251653233,0.6791724365933497,-1.2344535105086443,0.021484142751354917
1100102-022,0.889320072923279,1.1981406440919427,1.4862147935148775,1.8170369800519064
1100102-028,-0.496309749506833,0.05100281101280209,0.09369077371558465,-2.477149747833222
1100103-020,0.09688563583414297,-2.089284659487155,-1.6161112242185647,0.7244899771124036
1100103-036,-0.3446254566893254,0.004463044148942798,-0.022746462938439634,1.0263685173654646
1100103-046,0.9559481403641632,0.41489177311415076,-0.29172126609790133,-0.8213591725788071
1100103-047,-0.9470649548817338,1.0949237624271548,-1.606787448274976,-0.31673229829234756
1100104-001,1.1887219556005684,1.1185767826879958,-0.11775571295426042,-0.744080727935074
1100104-027,0.10669065471190955,-0.5773712157406161,-1.500645794449763,-0.11890825417928012
1100104-030,-0.4746492459916352,-0.2027093615335706,0.39866697289498626,-1.155100558467651
1100105-003,0.9604953515619779,0.9937666405416917,0.9594845486474516,0.4565756084558457
1100105-026,-0.028225366107412404,-0.4625167485591878,0.07537921100586202,-0.7220101077826173
1100105-029,0.673432298618545,-1.2187521731140694,-0.7184030384874337,-1.2297338282098644
1100106-021,0.5308444622639178,0.3136874087555881,0.34325236876251913,0.05147390664477297
1100106-034,0.35721223403894564,0.39565085031207387,0.9035814634984688,2.0365030904788024
1100106-054,-0.47519122680648457,-1.496049471057952,-1.53064275772162,-1.0424990676856964
1100107-011,0.20949658086092912,-0.37496769181005907,0.07799152043929367,-0.3508864234812261
1100107-013,0.6391686282431469,1.1176493288126828,0.3527333285004531,1.3995255859780948
1100107-048,-0.6089433257432044,-1.0070036207309523,-0.10631171926973523,-0.19857657134384996
1100108-012,-1.1135149532797954,-0.9276503674542568,0.8892878703327474,-0.13479741195903236
1100108-037,0.6163745664811283,0.15779837799522617,1.2830050638272532,-1.8148755732101187
1100109-017,-0.9004485091632999,-2.45713772388651,-1.2604752182805816,-0.8993553208406737
1100109-038,0.889320072923279,1.1981406440919427,1.4862147935148775,1.8170369800519064
1100109-050,-0.5628454043677751,-1.0109292785298691,0.16716255411516562,-0.5116155512992705
1100109-052,-0.7264376436357494,-0.5319417134769842,0.34441566132780516,-0.31660744529303725
1100110-010,0.6334800516650037,-0.01707985638147639,-1.0225649966972699,0.28691800425305647
1100110-014,-0.5993980111759589,-0.2697855455630079,-1.4959059825699885,0.6130323075021189
1100110-031,0.8996644363897988,-1.9047616635871234,-0.29460198921855785,-1.7777237621724378
1100111-041,-1.255798056395027,-1.6841410671901587,-1.4930542393170758,-1.243406318575172
1100111-042,0.6743992975576741,0.41489321623302333,0.9491994050019413,-0.034413690259009894
1100111-043,0.47693358830085464,-0.891937578361656,-1.4128938102259527,0.5755754723740082
1100112-009,0.0029343427901039405,-1.667543376516222,-1.1374769220498542,-1.1565406170510966
1100112-045,0.575618303681444,-1.3025735464573118,-0.1197811909518798,-1.8928485120025826
1100112-051,0.9909025192368089,1.0758137524194924,-0.06489375627731815,-0.7012485719476733
1100114-018,0.86914812345685,1.1962426107609723,1.4995217130635334,1.4649365112755424
1100114-019,0.8285185380844514,1.225830907332668,1.5027669790106528,0.7157318669875966
1100114-025,-0.35945218687284264,0.5257527783387368,1.1002605396511846,-0.24436203466627662
1100115-023,0.38138521948154896,1.1618839314957554,1.491260020599445,0.7751952075966693
1100115-040,1.0328542524367275,0.7067294653882386,-0.2613349585588607,-1.0497424041398764
1100115-044,-3.71760680765936,-1.778037137591208,-0.4661948445135335,-0.5466280238065879
1100116-005,1.4039003207371537,1.0724047926385183,-0.004942354560801364,0.25421084191854476
1100117-032,0.21547753159436187,0.45930020236110963,-0.21749842625891272,-0.8223104367351542
1100117-035,0.25377988646663485,-1.5175773807930655,-1.0821824395565294,-1.8803102677095311
1100117-049,-0.3969485750410848,-0.10202256429010981,0.45616643504217685,0.4732275567967874
1100118-007,-2.062602740995005,-1.4938786889601634,-0.8686078954349183,-2.3264576849094167
1100118-024,0.44180617477807943,0.5518696558407785,0.8206103892208861,1.623726909075624
1100118-053,-0.5199664351955292,-0.3913529433932005,-1.3258839216412994,-0.035701791501743144
1100119-004,-0.6666211624678847,0.1375948758323691,1.16091866444624,-0.5051094120136674
1100119-016,-2.4381018166314097,-2.3282833538042733,-1.7662868306009203,-0.680736405802951
1100119-055,0.5441182946495996,-0.11288816490990655,-0.43389222581281045,0.918548918337021
1110210-001,-2.215677266721297,-0.7973955885394227,1.1921296185377284,0.36477037082132635
1110226-002,-0.5880907588863823,-0.21666720440245044,0.940831363516868,0.14394456409092965
1110203-003,0.810075097275335,0.9363844702196616,0.9390860459924036,0.21085602405224327
1110207-004,0.889320072923279,1.1981406440919427,1.4862147935148775,1.8170369800519064
1110209-005,0.36345481455365924,-0.4639748796235024,1.6821746083762203,0.9164043125640019
1110202-006,-0.06965048728932723,-0.9997313353712576,-1.5638427727980933,1.1868692334977284
1110220-007,-0.8093220470607884,0.08451528739688491,0.7963221751467578,0.19520345585529358
1110211-008,0.5809100711153903,0.6320940905102789,0.04631456354019663,-2.0673554692652556
1110230-009,-1.3638920462087907,-2.2554605294128485,-1.4605154419081208,-0.5047624031906207
1110221-010,0.8292355835108748,1.210635668067093,0.49199390830814455,1.8473931960179057
1110206-011,0.04043640706499314,0.11447776616064956,-1.2701863054609055,0.24593771934095435
1110227-012,0.798233615357581,0.9527232943781667,1.5086656464174593,1.580898170275639
1110223-013,0.6387209608911448,-0.04817903097327973,-0.4251239456426244,0.3862155559189716
1110221-014,-2.876610970344413,-1.1836294366729174,0.3134788125661856,-1.6444632203063438
1110213-015,0.2820245934468466,-0.33798013779538266,0.9201587170368013,-0.9372615236617619
1110211-016,1.1515614815517476,0.9478774461729054,0.02424161873539092,0.2144879538495344
1110225-017,1.2049045552820232,-0.6505951178770341,-0.04423087944297098,-0.6602258875670941
1110202-018,0.7078823327589582,1.227439628810697,1.5003621864472496,0.23806474286373602
1110216-019,1.0940626700874156,0.42938438733999945,1.015870151575301,0.5798855698042751
1110203-020,1.000918078104866,0.33628371494091436,1.456686100902655,1.4854136829928741
1110215-021,0.0568238888891422,0.30601659959070343,-0.5452466755980084,-1.0591676997450932
1110207-022,1.2716299670520437,0.7841937515579811,-0.5320405964108463,-1.0032424833189573
1110209-023,0.9815610106659334,0.9202730666172833,-1.115345876550389,0.5050759379710057
1110208-024,-0.3178500432918019,-0.6486645935479478,0.5992433571595017,1.0486414282974459
1110225-025,0.8073753068368058,0.6200177485538524,0.25490842760969096,0.07246034476764224
1110202-026,0.18842024884364353,1.158196007854365,0.6460822021203043,1.0047084387640302
1110213-027,0.870021332580468,1.192228201187334,-0.7847513956621555,1.0913999243298202
1110228-028,0.351908715899965,-1.3926955641083805,1.3225299731033906,-0.8915946424281692
1110204-029,-0.7306812013286524,-2.7955358805274644,-1.7468852729359519,-0.4115699631144584
1110205-030,0.889320072923279,1.1981406440919427,1.4862147935148775,1.8170369800519064
1110226-031,1.5057823063734679,-0.22008755406552222,-0.09957420648736152,-1.6110916099423067
1110228-032,0.6779561323054544,-0.5522280649581733,1.1783831217408507,-0.5270048604836167
1110228-033,0.5503069411377453,0.6457948157401953,0.8805414675750535,-0.27876033102068787
1110201-034,-2.0384312144271357,0.5185173527210214,-1.616471153340529,-0.251228992633119
1110202-035,-0.0005258465625603561,0.19092134365218963,0.15149251671729974,-0.39620235212282057
1110222-036,0.8488333307706507,1.21103675904682,1.501144346037093,1.0903341891315694
1110208-037,0.6253774930706752,0.8329998665403612,0.49486516402482594,0.26396079980318543
1110213-038,-2.281388580364074,-0.9297494672955914,0.7469264959294981,-0.08306958739503675
1110204-039,0.4349223891706778,0.47752164187584073,-0.48961135517474197,0.11123268362487325
1110222-040,1.1379019251596874,0.7988587534951362,0.46124667404260256,-0.24933730419823316
1110223-041,-0.7273738722448653,-1.0475494225807942,-0.741345561247594,-0.44309537745650457
1110221-042,-3.263219186784493,-0.5222446274373388,0.5923404118579815,-1.145092578567951
1110204-043,0.9474192040375394,0.9663531462447055,-0.8236631451814728,-0.6659658431571183
1110219-044,0.5918328273587072,1.1833633192132555,1.4658155332057516,0.7669969276606674
1110217-045,-0.31375928571134565,0.2139365004268869,-1.7019283416138955,-0.4627191943698019
1110209-046,0.6777557876938127,0.9850449711673543,-1.1394547158726842,0.6088616901312548
1110213-047,0.2960511629351462,1.0010264698889824,0.7660725203942517,0.6754646955338418
1110217-048,0.6120779245639062,1.1372281994629925,1.4398120674713613,1.5580891841407019
1110230-049,0.48090649203865604,0.7157323357032009,1.3680708467494866,-0.25930909834839694
1110216-050,-2.539491822135174,-1.6646302296632678,-0.4885250221086669,-0.4020408105123253
1110207-051,-4.660259423208977,-3.3502337975145013,-1.2031031102760874,-1.401259473000173
1110226-052,-0.5089356306131309,0.14723056598975165,0.3092316011979753,-0.24712111734995582
1110202-053,0.889320072923279,1.1981406440919427,1.4862147935148775,1.8170369800519064
1110214-054,0.5817479687138208,1.2152335715700011,1.5075149493267945,1.7446052163199868
1110230-055,0.7137503990926312,-0.11245358457703097,0.7269055215785182,-1.256384606381606
1110222-056,-2.806171790815502,-1.166614363360927,-0.4258969442735032,0.040936902510610655
1110226-057,1.3476086294862732,0.5330343847464163,-0.06762845392918772,-1.6030414752503357
1110210-058,0.8489761739904209,1.194344577430002,1.5128286326121891,1.1128360424991786
1110219-059,0.4036971143527594,0.2629380591222523,-0.6405975396133048,0.022682626253178618
1110210-060,0.5385892148078281,-2.039534783642444,-1.7572475282867577,0.166208823567769
1110228-061,0.22539122708431428,-0.284504252365064,-0.5681832824765883,-1.9413044008646925
1110229-062,0.7887129738444443,1.2183395805177597,1.4588187948277223,1.6689684713368012
1110220-063,-0.11256947301166251,-0.7484097860021267,0.4200496948633393,0.022739499553152687
1110212-064,1.1587533053118755,0.6206636990302491,-0.5152545431506691,-1.3213994971360763
1110224-065,0.8286613813042216,1.20913872571585,1.5144512655857487,0.7382337203552056
1110224-066,0.889320072923279,1.1981406440919427,1.4862147935148775,1.8170369800519064
1110222-067,-3.062376404199778,-1.7811571410914209,-0.5217723741529066,-0.27234034768518806
1110224-068,1.1116812471800523,1.1744864355982279,-1.0684304717916495,0.5427635919887374
1110215-069,1.0535340695716906,0.5691251695180616,0.13062965710440466,-0.061752249571644366
1110208-070,0.5694495015587493,0.8427081127909591,1.428554987861211,0.050143883406348844
1110227-071,-0.505884091749556,-1.3652027815584933,-0.43511110356043936,-0.5916732507567369
1110207-072,-0.92560582607617,-2.1118129634375866,-1.310694845809826,-1.1950664730132263
1110222-073,0.15483281515833694,1.0560314218065234,-1.398474636499762,-0.4159663029866391
1110201-074,0.06253606949166954,0.8764760144951685,-0.33084127606079156,0.7885021724996536
1110203-075,0.817603864877765,-0.04260623523952484,0.6155174300766412,-0.4849236089586916
1110211-076,-0.5627234194150917,-0.5637683554278643,-0.264099875325155,-0.5417028599322313
1110208-077,-0.17139489809980496,0.6028658936671423,-1.6551074087141309,0.2604178720062736
1110212-078,0.5545757821369869,-0.05380163843438162,-0.4674633790131691,-0.7340761403671036
1110212-079,0.5374836673487162,1.0463200545718077,1.1363254439714914,1.0592116418770412
1110227-080,-1.260024611864764,-1.8878854924984219,-0.463273528110972,-2.4353043713961284
1110210-081,-1.1563211306077392,-1.860091478460942,-1.2876278205822709,-1.739028051824179
1110212-082,0.7089208760220511,0.9412726724036813,0.15070587049917528,-0.891525988196286
1110225-083,0.5366863275935333,0.7666186524063572,0.9185233919766816,-0.4982588482938301
1110222-084,0.7099421113393328,0.662461399362555,1.005805306550593,0.6990353316176992
1110217-085,-0.17565418565025395,-0.8944391559613042,0.33822396171647373,-0.0739112808408052
1110207-086,-1.8117578386088147,-2.0898916905769407,-1.527068845041796,-0.4332235306649379
1110212-087,1.0408731013653132,0.531388611228322,-0.696630780680336,-0.23033323944522852
1110219-088,-1.1319874605742797,-1.9946232655231912,-0.2015727979429404,-2.122985012410697
1110208-089,0.37005694147961277,1.1169302614008823,-0.22656195214349079,0.7615075618879842
1110204-090,1.0562835112688884,-0.24876223128317188,-0.8682882145461048,-0.11925582844778536
1110229-091,0.8486904875508803,1.2277289406636385,1.4894600594619967,1.0678323357639607
1110223-092,-0.892479961744975,-0.8552325426452771,0.056505830427200324,-0.1804511741676342
1110218-093,-0.07542337242209156,1.3636035839353116,1.2743415429180005,0.6675022536502243
1110210-094,-1.4328397709519738,-0.6805378183010542,-0.6095015165003825,0.2367847651396028
1110203-095,-0.3254423836277254,-0.12960602669029767,-0.7589842469599662,0.20379141481574545
1110206-096,0.889320072923279,1.1981406440919427,1.4862147935148775,1.8170369800519064
1110204-097,0.6360627931305276,0.5237014609474536,-1.3585115282782014,-0.3224665171534126
1110216-098,0.9699947257964404,0.31903966772274456,0.008883349349933676,0.43481570638072453
1110216-099,0.5283767728693439,0.5922020110718744,0.4621508655555528,0.14175484110475475
1110220-100,0.30113313915727413,0.46162511848711335,0.9378052533386059,0.4709273515952955
1110215-101,-1.0136170276801004,-0.42969487277294,-1.2915237117410336,-0.5450077916983552
1110220-102,0.5342967861217285,1.1596807789652117,1.601355505259301,-0.463767121894845
1110211-103,-0.2865531746465927,-0.4870633453694608,-0.4224018864014453,-0.6002858784067532
1110230-104,0.7506399396354161,0.8549190690249313,1.4657005462434072,0.48622781474477395
1110227-105,-0.3281242563014555,-1.2766110556485857,0.41705022953092435,0.6409419662944755
1110229-106,0.5228182355673137,1.0119918816503513,1.3631289380099108,0.250599787820378
1110144-001,0.7078664254306888,1.0831463589142734,1.4133525073172373,0.9711985514366147
1110154-002,1.0917419068758676,-0.4482009663046109,-0.2801506550628131,-2.3549964441576763
1110139-003,0.889320072923279,1.1981406440919427,1.4862147935148775,1.8170369800519064
1110153-007,0.5406671890631376,-0.6596830992938567,-1.306590985396752,-0.9593854160354419
1110144-008,0.23184763306740083,-0.22768694828769123,-0.7847048659078648,0.14171971996760585
1110156-012,-0.30886049783855996,0.5419877423321708,-1.013520816097467,-1.0697103826095422
1110135-013,1.4178417175119462,0.8243512397022282,-0.14961534490081255,-0.4648962381746954
1110137-016,0.3284821914869586,-1.1926604447146558,0.26281605095493754,-0.7968710238724238
1110138-017,0.5185564765311024,0.16375183408828167,-1.2698548727743317,-1.4887978232618855
1110151-020,-2.0467114831909687,-1.035366773172833,-1.231271736515887,-0.31910415854201524
1110153-021,-0.12913585024327828,-1.74827490750025,-1.2176047919154467,-0.8360778279066848
1110150-025,0.694966007285616,1.0523272910023023,0.9478806588223309,0.017761572407012094
1110137-026,-2.113247320274307,-0.0012428265030786016,0.03940452994958497,-0.16829113228448817
1110143-029,0.8346194636315775,0.9896360784305944,1.3853550406445583,0.3543990599105134
1110139-032,-0.4111904525543571,-0.38103007800802985,0.4692499030807872,0.777569349145638
1110136-034,1.0366313111072125,0.5446937070166404,0.18324915051241816,-0.6061205018701247
1110149-035,0.017305094402049907,-1.3891286740101325,-1.200588374537094,-0.3110957465496594
1110153-036,0.6369068842082048,1.190740027592978,1.48430065511979,0.4085099393279537
1110149-037,0.12157560637304962,-0.24182722964461653,-1.5566495222996177,-0.22691987571156122
1110134-043,1.035302634818341,0.9798185365636988,-0.14686115137426636,-1.249879600187952
1110152-045,1.202787361505016,1.0232059402365217,-0.416780026165784,-0.54102109242291
1110156-049,0.8486904875508803,1.2277289406636385,1.4894600594619967,1.0678323357639607
1110134-050,-1.9997208988238933,-0.48609406956137885,0.009710256245196742,0.7642398172836707
1110147-052,0.08284283578319018,-1.0756494497804772,-1.3777458107246876,-1.4966589274592106
1110152-053,-0.7042685567795763,1.152235405358761,-1.337467481502299,-0.6889504240343204
1110152-054,0.10263943075087019,0.9753681865420673,-0.15860148497342158,-0.5698755004121483
1110143-058,-0.2288844302918759,0.23257051355193686,1.1447279681878872,0.09023298528341081
1110146-059,-0.8654252618515822,-0.4563680443749982,-0.04334758669287266,-0.7843804449438136
1110150-060,-0.7820320181186279,-0.9709333809016311,-0.11605134798654002,-0.9907971705242625
1110147-062,0.5546162529668965,1.2120729155363574,0.9041426757484206,0.5813659526366529
1110159-065,1.0053543815517212,0.18868232931163398,1.5024489552796998,1.6942312761522615
1110135-067,0.9165791061970552,1.1149052808219175,0.6137148585417938,1.0237023149285713
1110151-069,-0.10603878536477121,-0.6594769056425077,0.9805210597811603,0.4742740776425704
1110141-072,0.22465552282101436,0.0035533908193604666,0.9301110612518622,-0.4534310709879905
1110133-076,1.384014057710265,1.0371223960739118,0.031733138138047026,-0.0528859201226017
1110152-077,-1.1068429583244488,-0.2767141002138912,0.483843842654545,0.3977459940393865
1110134-078,1.1519022289083454,-1.5251833816523248,-0.5812673332526039,-0.9486275385183266
1110136-081,-0.41785285405632894,-2.141503961919414,-1.6851102953289885,0.19107212198807055
1110139-082,-3.0767007011283902,-2.8971257809305495,-1.0201192833633363,-1.3292944824419004
1110136-084,-0.14139111199705587,0.016318759001470774,0.49554791808672327,-0.003684729445733979
1110148-087,-1.9556376371509552,-2.088081260280673,0.1263234506831126,0.39012428649470815
1110158-089,1.117571128768107,0.9815070472522983,-0.7231818529215404,-0.9094062799762086
1110136-091,0.8488333307706507,1.21103675904682,1.501144346037093,1.0903341891315694
1110143-096,0.5037422301288295,0.5816478351431001,0.8987237918653831,-0.4397973600342887
1110137-097,1.042184513151012,0.7818771586033504,0.9634193260744562,-0.15910758020192292
1110147-100,0.889320072923279,1.1981406440919427,1.4862147935148775,1.8170369800519064
1110146-101,-0.6054604754592305,-1.6377196612176728,-1.1437689540569465,-1.370105583706774
1110160-107,0.5891502733963296,1.1750998215158526,0.08957744812587135,-1.30390831010244
1110156-110,0.044416196366467375,-0.47822906729619724,1.5938854943411036,-0.06756396861881513
1110140-112,0.7140579137756226,1.0480749037463837,-1.2352337366751027,-1.3119652626853926
1110154-115,-1.9283367466202581,-0.35122907616954196,-0.4174593704323189,-3.017145586848014
1110151-120,0.7265979738067423,0.34861386600056604,-1.0229604894764577,-0.3659506117273038
1110150-124,-0.047472363237318044,0.7144297013661137,-0.06823568758096417,-0.7294831747378869
1110140-125,-2.033101832805586,-3.4035858176323,-1.8530332531369522,1.045448828974888
1110145-128,0.9612558608595513,0.9603799438500765,-1.288032989059851,-0.9946206061644478
1110149-133,0.041747543963177036,-0.11599193663646752,0.42981492717651776,1.001736235264532
1110138-137,0.889320072923279,1.1981406440919427,1.4862147935148775,1.8170369800519064
1110139-140,-0.512602677729823,-0.4801605355297085,0.27436754404713026,0.6043876755947198
1110143-143,0.9143600955159831,0.6232811976346844,0.22126054191808447,-0.3207916096914223
1110138-144,-0.5441980105049852,-2.217317251649302,1.0940321488936298,0.14853970180398213
1110139-149,0.8115392845707992,1.161649609228898,1.522636861771355,0.9313845100679354
1110150-150,1.0063507016847157,0.7222220984369584,0.8051294707893311,0.09585210587051327
1110148-155,-0.3840629486118902,-0.4985146089117316,-0.6645778936652741,0.8944243808522553
1110156-156,0.14410252525080716,0.081594876970126,0.6406987721919525,0.8319160155766546
1110142-157,-1.2477021756166755,0.026104264765599464,-1.583106459404536,-0.9759542419931803
1110135-159,-1.587565730948867,-1.901745374098279,-1.7240279679538968,-1.2661871718727589
1110138-160,-1.2186174566314323,-0.9857147358879956,-0.9500463846409378,-0.07066525930867913
1110143-161,0.5077237236546356,0.9001356936536735,-0.014805335253553771,0.011655289089250726
1110154-163,0.4575315018134907,0.5938131255763164,0.8907930664135554,1.3711204570634503
1110135-164,-0.942122859822354,0.5769563565087462,0.2533283492284756,1.451095748416539
1110137-165,0.23150298523137033,-0.740601473013872,0.24678431285720856,-1.3544084673031642
1110148-167,0.546440664103644,1.131754951274503,1.42266830663584,1.906794062285349
1110150-172,-0.34381026926877906,0.10832402282353065,0.6472074723544355,0.6488171674724542
1110145-173,-0.5846207446074911,0.4327643489894585,-0.6667797313992779,-0.1154209116806486
1110151-174,0.86914812345685,1.1962426107609723,1.4995217130635334,1.4649365112755424
1110141-175,0.6969453383661252,0.99330967257377,1.54014738443545,-0.24710973370900782
1110134-176,0.3963166713591971,-0.22549107234815485,-0.28125235117046476,-1.864480399209093
1110153-182,0.20641023931576885,1.1326242403638547,1.4991569245133156,0.2254026282808381
1110146-186,-1.8609805582375145,-2.263696319628794,-1.725252485339136,0.2633924576579786
1110134-188,0.983564134407497,1.010956528441049,-0.13799609686378136,0.12861186170907485
1110141-196,0.8456405793730789,-1.388713693423628,-0.9937538776921824,-0.16213048855703882
1110136-197,-0.6761582079014661,-1.1863329807947804,1.3930812744652288,0.7523731031786195
1110135-198,0.286954632529368,0.24046496962252317,-0.42004172103690324,1.0792951397298094
1110147-201,0.016307695727639692,-2.1394453601008,0.7314811929183564,0.22328565537948886
1110147-202,0.8488333307706507,1.21103675904682,1.501144346037093,1.0903341891315694
1110145-208,-0.2178888663757213,0.06238631632669129,-1.7767111550309924,1.0827914244855985
1110137-209,-0.4081279126876097,-0.1024153639068397,-1.0601130546537498,-0.3006647370753807
1110133-210,-0.41550710163089083,-0.24148718738076924,1.514490981760313,-0.34518774531134644
1110133-212,0.8690052802370797,1.2129347923777904,1.4878374264884369,1.4424346579079337
1110142-213,-0.27541875507088776,-0.1042435997714844,1.5671876662135396,0.4048632208122022
1110145-216,0.32338172341646465,0.7789944442071236,0.044279579940468286,-0.46165561564709556
1110160-217,1.01129997674172,1.0588420331378616,-0.2160876230504157,1.0185505477867056
1110159-218,-0.5539409836815138,-0.8339159222055054,-1.4494270131428821,-0.5813063188175528
